Run,Assay Type,AvgSpotLen,Bases,BioProject,BioSample,Bytes,Center Name,Consent,DATASTORE filetype,DATASTORE provider,DATASTORE region,ENA-FIRST-PUBLIC (run),ENA-LAST-UPDATE (run),Experiment,external_id,geographic_location_(region_and_locality),INSDC_center_name,INSDC_first_public,INSDC_last_update,INSDC_status,Instrument,LibraryLayout,LibrarySelection,LibrarySource,Organism,Platform,ReleaseDate,create_date,version,Sample Name,Sample_name,specimen_voucher,SRA Study,Submitter_Id,ENA_first_public,ENA_last_update,INSDC_center_alias,variety,ENA-FIRST-PUBLIC,ENA-LAST-UPDATE,Scientific_Name
ERR6064642,RAD-Seq,97,181139172,PRJEB39114,SAMEA8113372,134908692,NEES INSITUTE FOR BIODIVERSITY OF PLANTS,public,"run.zq,fastq,sra","s3,gs,ncbi","gs.us-east1,ncbi.public,s3.us-east-1",2021-07-08,2021-07-08,ERX5703510,SAMEA8113372,"Region IV\, Coquimbo\, Los Molles",Nees Insitute for Biodiversity of Plants,2021-07-08T12:21:42Z,2021-07-08T12:21:42Z,public,unspecified,SINGLE,Restriction Digest,GENOMIC,Eulychnia castanea,ILLUMINA,2021-07-08T00:00:00Z,2021-07-14T06:30:00Z,1,SAMEA8113372,ED3109,F.Luebert 3757,ERP122593,ED3109,2021-07-08,2021-07-08,Nees Insitute for Biodiversity of Plants,,,,
ERR6064643,RAD-Seq,95,185438195,PRJEB39114,SAMEA8113349,139063828,NEES INSITUTE FOR BIODIVERSITY OF PLANTS,public,"fastq,sra,run.zq","gs,ncbi,s3","gs.us-east1,s3.us-east-1,ncbi.public",2021-07-08,2021-07-08,ERX5703511,SAMEA8113349,"Region IV\, Coquimbo\, Illapel",Nees Insitute for Biodiversity of Plants,2021-07-08T12:21:42Z,2021-07-08T12:21:42Z,public,unspecified,SINGLE,Restriction Digest,GENOMIC,Eulychnia acida,ILLUMINA,2021-07-08T00:00:00Z,2021-07-14T06:29:00Z,1,SAMEA8113349,ED3110,F.Luebert 3767,ERP122593,ED3110,2021-07-08,2021-07-08,Nees Insitute for Biodiversity of Plants,,,,
ERR6064644,RAD-Seq,96,137428471,PRJEB39114,SAMEA8113362,102485468,NEES INSITUTE FOR BIODIVERSITY OF PLANTS,public,"fastq,run.zq,sra","gs,ncbi,s3","gs.us-east1,s3.us-east-1,ncbi.public",2021-07-08,2021-07-08,ERX5703512,SAMEA8113362,"Region IV\, Coquimbo\, Coquimbo",Nees Insitute for Biodiversity of Plants,2021-07-08T12:21:42Z,2021-07-08T12:21:42Z,public,unspecified,SINGLE,Restriction Digest,GENOMIC,Eulychnia breviflora,ILLUMINA,2021-07-08T00:00:00Z,2021-07-14T06:29:00Z,1,SAMEA8113362,ED3111,F.Luebert 3808,ERP122593,ED3111,2021-07-08,2021-07-08,Nees Insitute for Biodiversity of Plants,,,,
ERR6064645,RAD-Seq,89,134378418,PRJEB39114,SAMEA8113387,100514442,NEES INSITUTE FOR BIODIVERSITY OF PLANTS,public,"sra,run.zq,fastq","ncbi,s3,gs","gs.us-east1,s3.us-east-1,ncbi.public",2021-07-08,2021-07-08,ERX5703513,SAMEA8113387,"Region IV\, Coquimbo\, La Serena",Nees Insitute for Biodiversity of Plants,2021-07-08T12:21:42Z,2021-07-08T12:21:42Z,public,unspecified,SINGLE,Restriction Digest,GENOMIC,Eulychnia sp. 2 FM-2020,ILLUMINA,2021-07-08T00:00:00Z,2021-07-14T06:28:00Z,1,SAMEA8113387,ED3112,F.Luebert 3814,ERP122593,ED3112,2021-07-08,2021-07-08,Nees Insitute for Biodiversity of Plants,,,,
ERR6064646,RAD-Seq,97,145536975,PRJEB39114,SAMEA8113359,108033557,NEES INSITUTE FOR BIODIVERSITY OF PLANTS,public,"fastq,run.zq,sra","s3,ncbi,gs","s3.us-east-1,gs.us-east1,ncbi.public",2021-07-08,2021-07-08,ERX5703514,SAMEA8113359,"Region III\, Atacama\, Freirina",Nees Insitute for Biodiversity of Plants,2021-07-08T12:21:42Z,2021-07-08T12:21:42Z,public,unspecified,SINGLE,Restriction Digest,GENOMIC,Eulychnia acida var. procumbens,ILLUMINA,2021-07-08T00:00:00Z,2021-07-14T06:29:00Z,1,SAMEA8113359,ED3113,F.Luebert 3848,ERP122593,ED3113,2021-07-08,2021-07-08,Nees Insitute for Biodiversity of Plants,procumbens,,,
ERR6064647,RAD-Seq,96,85254700,PRJEB39114,SAMEA8113355,63814793,NEES INSITUTE FOR BIODIVERSITY OF PLANTS,public,"sra,fastq,run.zq","s3,gs,ncbi","gs.us-east1,ncbi.public,s3.us-east-1",2021-07-08,2021-07-08,ERX5703515,SAMEA8113355,"Region III\, Atacama\, Estancia Castilla",Nees Insitute for Biodiversity of Plants,2021-07-08T12:21:42Z,2021-07-08T12:21:42Z,public,unspecified,SINGLE,Restriction Digest,GENOMIC,Eulychnia acida var. elata,ILLUMINA,2021-07-08T00:00:00Z,2021-07-14T06:28:00Z,1,SAMEA8113355,ED3114,F.Luebert 3866,ERP122593,ED3114,2021-07-08,2021-07-08,Nees Insitute for Biodiversity of Plants,elata,,,
ERR6064648,RAD-Seq,99,188640237,PRJEB39114,SAMEA8113386,139939942,NEES INSITUTE FOR BIODIVERSITY OF PLANTS,public,"fastq,sra,run.zq","ncbi,s3,gs","s3.us-east-1,ncbi.public,gs.us-east1",2021-07-08,2021-07-08,ERX5703516,SAMEA8113386,"Region III\, Atacama\, Piedra Colgada",Nees Insitute for Biodiversity of Plants,2021-07-08T12:21:42Z,2021-07-08T12:21:42Z,public,unspecified,SINGLE,Restriction Digest,GENOMIC,Eulychnia sp. 1 FM-2020,ILLUMINA,2021-07-08T00:00:00Z,2021-07-14T06:31:00Z,1,SAMEA8113386,ED3115,F.Luebert 3884,ERP122593,ED3115,2021-07-08,2021-07-08,Nees Insitute for Biodiversity of Plants,,,,
ERR6064649,RAD-Seq,98,170855182,PRJEB39114,SAMEA8113368,126975093,NEES INSITUTE FOR BIODIVERSITY OF PLANTS,public,"sra,fastq,run.zq","gs,ncbi,s3","gs.us-east1,ncbi.public,s3.us-east-1",2021-07-08,2021-07-08,ERX5703517,SAMEA8113368,"Region III\, Atacama\, Caldera",Nees Insitute for Biodiversity of Plants,2021-07-08T12:21:42Z,2021-07-08T12:21:42Z,public,unspecified,SINGLE,Restriction Digest,GENOMIC,Eulychnia breviflora var. tenuis,ILLUMINA,2021-07-08T00:00:00Z,2021-07-14T06:31:00Z,1,SAMEA8113368,ED3116,F.Luebert 3894,ERP122593,ED3116,2021-07-08,2021-07-08,Nees Insitute for Biodiversity of Plants,tenuis,,,
ERR6064650,RAD-Seq,99,129480392,PRJEB39114,SAMEA8113361,96290851,NEES INSITUTE FOR BIODIVERSITY OF PLANTS,public,"sra,run.zq,fastq","gs,s3,ncbi","ncbi.public,gs.us-east1,s3.us-east-1",2021-07-08,2021-07-08,ERX5703518,SAMEA8113361,"Region III\, Atacama\, Barquito",Nees Insitute for Biodiversity of Plants,2021-07-08T12:21:42Z,2021-07-08T12:21:42Z,public,unspecified,SINGLE,Restriction Digest,GENOMIC,Eulychnia barquitensis,ILLUMINA,2021-07-08T00:00:00Z,2021-07-14T06:29:00Z,1,SAMEA8113361,ED3117,F.Luebert 3898,ERP122593,ED3117,2021-07-08,2021-07-08,Nees Insitute for Biodiversity of Plants,,,,
ERR6064651,RAD-Seq,98,187877295,PRJEB39114,SAMEA8113382,139528225,NEES INSITUTE FOR BIODIVERSITY OF PLANTS,public,"run.zq,fastq,sra","gs,s3,ncbi","gs.us-east1,ncbi.public,s3.us-east-1",2021-07-08,2021-07-08,ERX5703519,SAMEA8113382,"Region III\, Atacama\, Chañaral",Nees Insitute for Biodiversity of Plants,2021-07-08T12:21:42Z,2021-07-08T12:21:42Z,public,unspecified,SINGLE,Restriction Digest,GENOMIC,Eulychnia saint-pieana,ILLUMINA,2021-07-08T00:00:00Z,2021-07-14T06:31:00Z,1,SAMEA8113382,ED3118,F.Luebert 3910,ERP122593,ED3118,2021-07-08,2021-07-08,Nees Insitute for Biodiversity of Plants,,,,
ERR6064652,RAD-Seq,100,115758147,PRJEB39114,SAMEA8113383,86136401,NEES INSITUTE FOR BIODIVERSITY OF PLANTS,public,"fastq,sra,run.zq","gs,s3,ncbi","s3.us-east-1,ncbi.public,gs.us-east1",2021-07-08,2021-07-08,ERX5703520,SAMEA8113383,"Region II\, Antofagasta\, Taltal",Nees Insitute for Biodiversity of Plants,2021-07-08T12:21:42Z,2021-07-08T12:21:42Z,public,unspecified,SINGLE,Restriction Digest,GENOMIC,Eulychnia taltalensis,ILLUMINA,2021-07-08T00:00:00Z,2021-07-14T06:29:00Z,1,SAMEA8113383,ED3119,F.Luebert 3921,ERP122593,ED3119,2021-07-08,2021-07-08,Nees Insitute for Biodiversity of Plants,,,,
ERR6064653,RAD-Seq,96,120595229,PRJEB39114,SAMEA8113375,89900675,NEES INSITUTE FOR BIODIVERSITY OF PLANTS,public,"fastq,run.zq,sra","ncbi,gs,s3","gs.us-east1,ncbi.public,s3.us-east-1",2021-07-08,2021-07-08,ERX5703521,SAMEA8113375,"Region II\, Antofagasta\, El Cobre",Nees Insitute for Biodiversity of Plants,2021-07-08T12:21:42Z,2021-07-08T12:21:42Z,public,unspecified,SINGLE,Restriction Digest,GENOMIC,Eulychnia iquiquensis var. pullilana,ILLUMINA,2021-07-08T00:00:00Z,2021-07-14T06:29:00Z,1,SAMEA8113375,ED3120,F.Luebert 3967,ERP122593,ED3120,2021-07-08,2021-07-08,Nees Insitute for Biodiversity of Plants,pullilana,,,
ERR6064654,RAD-Seq,97,130673601,PRJEB39114,SAMEA8113376,97995788,NEES INSITUTE FOR BIODIVERSITY OF PLANTS,public,"sra,run.zq,fastq","s3,ncbi,gs","ncbi.public,gs.us-east1,s3.us-east-1",2021-07-08,2021-07-08,ERX5703522,SAMEA8113376,"Region II\, Antofagasta\, Cerro Moreno",Nees Insitute for Biodiversity of Plants,2021-07-08T12:21:42Z,2021-07-08T12:21:42Z,public,unspecified,SINGLE,Restriction Digest,GENOMIC,Eulychnia morromorenoensis,ILLUMINA,2021-07-08T00:00:00Z,2021-07-14T06:30:00Z,1,SAMEA8113376,ED3121,F.Luebert 3983,ERP122593,ED3121,2021-07-08,2021-07-08,Nees Insitute for Biodiversity of Plants,,,,
ERR6064655,RAD-Seq,94,170445300,PRJEB39114,SAMEA8113373,127352411,NEES INSITUTE FOR BIODIVERSITY OF PLANTS,public,"run.zq,sra,fastq","gs,s3,ncbi","gs.us-east1,ncbi.public,s3.us-east-1",2021-07-08,2021-07-08,ERX5703523,SAMEA8113373,"Region I\, Tarapacá\, Punta Gruesa",Nees Insitute for Biodiversity of Plants,2021-07-08T12:21:42Z,2021-07-08T12:21:42Z,public,unspecified,SINGLE,Restriction Digest,GENOMIC,Eulychnia iquiquensis,ILLUMINA,2021-07-08T00:00:00Z,2021-07-14T06:31:00Z,1,SAMEA8113373,ED3122,F.Luebert 4016,ERP122593,ED3122,2021-07-08,2021-07-08,Nees Insitute for Biodiversity of Plants,,,,
ERR6064656,RAD-Seq,94,120647546,PRJEB39114,SAMEA8113377,92230447,NEES INSITUTE FOR BIODIVERSITY OF PLANTS,public,"fastq,sra,run.zq","ncbi,s3,gs","ncbi.public,gs.us-east1,s3.us-east-1",2021-07-08,2021-07-08,ERX5703524,SAMEA8113377,"Arequipa\, Lomas de Atiquipa",Nees Insitute for Biodiversity of Plants,2021-07-08T12:21:42Z,2021-07-08T12:21:42Z,public,unspecified,SINGLE,Restriction Digest,GENOMIC,Eulychnia ritteri,ILLUMINA,2021-07-08T00:00:00Z,2021-07-14T06:28:00Z,1,SAMEA8113377,ED3489,cult. Gibraltar BG,ERP122593,ED3489,2021-07-08,2021-07-08,Nees Insitute for Biodiversity of Plants,,,,
ERR6064657,RAD-Seq,88,199252040,PRJEB39114,SAMEA8113344,153275513,NEES INSITUTE FOR BIODIVERSITY OF PLANTS,public,"run.zq,sra,fastq","s3,gs,ncbi","ncbi.public,gs.us-east1,s3.us-east-1",2021-07-08,2021-07-08,ERX5703525,SAMEA8113344,Sierra Grande,Nees Insitute for Biodiversity of Plants,2021-07-08T12:21:42Z,2021-07-08T12:21:42Z,public,unspecified,SINGLE,Restriction Digest,GENOMIC,Austrocactus bertinii,ILLUMINA,2021-07-08T00:00:00Z,2021-07-14T06:31:00Z,1,SAMEA8113344,ED3490,cult. Sarnes 9121/3,ERP122593,ED3490,2021-07-08,2021-07-08,Nees Insitute for Biodiversity of Plants,,,,
ERR6064658,RAD-Seq,92,213687416,PRJEB39114,SAMEA8242745,163765062,NEES INSITUTE FOR BIODIVERSITY OF PLANTS,public,"fastq,sra,run.zq","gs,s3,ncbi","gs.us-east1,s3.us-east-1,ncbi.public",2021-07-08,2021-07-08,ERX5703526,SAMEA8242745,Rio Senguer,Nees Insitute for Biodiversity of Plants,2021-07-08T12:21:43Z,2021-07-08T12:21:43Z,public,unspecified,SINGLE,Restriction Digest,GENOMIC,Austrocactus sp. 1 Rio Senguer,ILLUMINA,2021-07-08T00:00:00Z,2021-07-14T06:31:00Z,1,SAMEA8242745,ED3491,cult. Sarnes 4613,ERP122593,ED3491,2021-07-08,2021-07-08,Nees Insitute for Biodiversity of Plants,,,,
ERR6064659,RAD-Seq,102,111790598,PRJEB39114,SAMEA8113343,81639597,NEES INSITUTE FOR BIODIVERSITY OF PLANTS,public,"run.zq,sra,fastq","gs,ncbi,s3","ncbi.public,s3.us-east-1,gs.us-east1",2021-07-08,2021-07-08,ERX5703527,SAMEA8113343,Nahuel Huapi,Nees Insitute for Biodiversity of Plants,2021-07-08T12:21:42Z,2021-07-08T12:21:42Z,public,unspecified,SINGLE,Restriction Digest,GENOMIC,Austrocactus coxii,ILLUMINA,2021-07-08T00:00:00Z,2021-07-15T06:54:00Z,1,SAMEA8113343,ED3492,cult. Sarnes 546/2,ERP122593,ED3492,2021-07-08,2021-07-08,Nees Insitute for Biodiversity of Plants,,,,
ERR6064660,RAD-Seq,90,112903294,PRJEB39114,SAMEA8113346,87026309,NEES INSITUTE FOR BIODIVERSITY OF PLANTS,public,"run.zq,fastq,sra","ncbi,gs,s3","ncbi.public,gs.us-east1,s3.us-east-1",2021-07-08,2021-07-08,ERX5703528,SAMEA8113346,Los Molles,Nees Insitute for Biodiversity of Plants,2021-07-08T12:21:42Z,2021-07-08T12:21:42Z,public,unspecified,SINGLE,Restriction Digest,GENOMIC,Austrocactus subandinus,ILLUMINA,2021-07-08T00:00:00Z,2021-07-14T06:30:00Z,1,SAMEA8113346,ED3493,cult. Sarnes 6842/1,ERP122593,ED3493,2021-07-08,2021-07-08,Nees Insitute for Biodiversity of Plants,,,,
ERR6064661,RAD-Seq,103,98631475,PRJEB39114,SAMEA8113345,71762532,NEES INSITUTE FOR BIODIVERSITY OF PLANTS,public,"fastq,run.zq,sra","gs,s3,ncbi","ncbi.public,s3.us-east-1,gs.us-east1",2021-07-08,2021-07-08,ERX5703529,SAMEA8113345,"Santiago Metropolitan Region\, Farellones",Nees Insitute for Biodiversity of Plants,2021-07-08T12:21:42Z,2021-07-08T12:21:42Z,public,unspecified,SINGLE,Restriction Digest,GENOMIC,Austrocactus spiniflorus,ILLUMINA,2021-07-08T00:00:00Z,2021-07-14T06:29:00Z,1,SAMEA8113345,ED3494,cult. Sarnes 3401/2,ERP122593,ED3494,2021-07-08,2021-07-08,Nees Insitute for Biodiversity of Plants,,,,
ERR6064662,RAD-Seq,99,163124641,PRJEB39114,SAMEA8113357,121282453,NEES INSITUTE FOR BIODIVERSITY OF PLANTS,public,"fastq,sra,run.zq","gs,s3,ncbi","s3.us-east-1,gs.us-east1,ncbi.public",2021-07-08,2021-07-08,ERX5703530,SAMEA8113357,"Region IV\, Coquimbo\, Llano Choros",Nees Insitute for Biodiversity of Plants,2021-07-08T12:21:42Z,2021-07-08T12:21:42Z,public,unspecified,SINGLE,Restriction Digest,GENOMIC,Eulychnia acida var. procumbens,ILLUMINA,2021-07-08T00:00:00Z,2021-07-14T06:31:00Z,1,SAMEA8113357,ED4234,F.F.Merklinger 2018-80,ERP122593,ED4234,2021-07-08,2021-07-08,Nees Insitute for Biodiversity of Plants,procumbens,,,
ERR6064663,RAD-Seq,99,167679412,PRJEB39114,SAMEA8113378,122393597,NEES INSITUTE FOR BIODIVERSITY OF PLANTS,public,"run.zq,fastq,sra","gs,s3,ncbi","ncbi.public,s3.us-east-1,gs.us-east1",2021-07-08,2021-07-08,ERX5703531,SAMEA8113378,"Arequipa\, Lomas de Atiquipa",Nees Insitute for Biodiversity of Plants,2021-07-08T12:21:42Z,2021-07-08T12:21:42Z,public,unspecified,SINGLE,Restriction Digest,GENOMIC,Eulychnia ritteri,ILLUMINA,2021-07-08T00:00:00Z,2021-07-14T06:30:00Z,1,SAMEA8113378,ED4430,F.F.Merklinger 2018-151,ERP122593,ED4430,2021-07-08,2021-07-08,Nees Insitute for Biodiversity of Plants,,,,
ERR6064664,RAD-Seq,101,113725081,PRJEB39114,SAMEA8113348,83560577,NEES INSITUTE FOR BIODIVERSITY OF PLANTS,public,"run.zq,sra,fastq","ncbi,gs,s3","ncbi.public,s3.us-east-1,gs.us-east1",2021-07-08,2021-07-08,ERX5703532,SAMEA8113348,"Cusco\, Huancarpay",Nees Insitute for Biodiversity of Plants,2021-07-08T12:21:42Z,2021-07-08T12:21:42Z,public,unspecified,SINGLE,Restriction Digest,GENOMIC,Corryocactus erectus,ILLUMINA,2021-07-08T00:00:00Z,2021-07-15T06:53:00Z,1,SAMEA8113348,ED4540,F.F.Merklinger 2018-127,ERP122593,ED4540,2021-07-08,2021-07-08,Nees Insitute for Biodiversity of Plants,,,,
ERR6064666,RAD-Seq,99,65031226,PRJEB39114,SAMEA8113360,48366791,NEES INSITUTE FOR BIODIVERSITY OF PLANTS,public,"fastq,run.zq,sra","s3,ncbi,gs","gs.us-east1,s3.us-east-1,ncbi.public",2021-07-08,2021-07-08,ERX5703534,SAMEA8113360,"Region XVI\, Arica y Parinacota\, Arica",Nees Insitute for Biodiversity of Plants,2021-07-08T12:21:42Z,2021-07-08T12:21:42Z,public,unspecified,SINGLE,Restriction Digest,GENOMIC,Eulychnia aricensis,ILLUMINA,2021-07-08T00:00:00Z,2021-07-14T06:29:00Z,1,SAMEA8113360,ED4541,"cult. Schneider\, Ritter material",ERP122593,ED4541,,,,,2021-07-08T12:21:42Z,2021-07-08T12:21:42Z,Eulychnia aricensis
ERR6064667,RAD-Seq,89,272630586,PRJEB39114,SAMEA8113370,200964648,NEES INSITUTE FOR BIODIVERSITY OF PLANTS,public,"fastq,run.zq,sra","s3,gs,ncbi","ncbi.public,gs.us-east1,s3.us-east-1",2021-07-08,2021-07-08,ERX5703535,SAMEA8113370,"Region IV\, Coquimbo\, El Toro",Nees Insitute for Biodiversity of Plants,2021-07-08T12:21:42Z,2021-07-08T12:21:42Z,public,unspecified,SINGLE,Restriction Digest,GENOMIC,Eulychnia castanea,ILLUMINA,2021-07-08T00:00:00Z,2021-07-14T06:42:00Z,1,SAMEA8113370,ED4667,F.Luebert 3791,ERP122593,ED4667,2021-07-08,2021-07-08,Nees Insitute for Biodiversity of Plants,,,,
ERR6064668,RAD-Seq,92,211075844,PRJEB39114,SAMEA8113385,154885842,NEES INSITUTE FOR BIODIVERSITY OF PLANTS,public,"sra,fastq,run.zq","ncbi,gs,s3","ncbi.public,s3.us-east-1,gs.us-east1",2021-07-08,2021-07-08,ERX5703536,SAMEA8113385,"Region III\, Atacama\, Panamericana Km 645",Nees Insitute for Biodiversity of Plants,2021-07-08T12:21:42Z,2021-07-08T12:21:42Z,public,unspecified,SINGLE,Restriction Digest,GENOMIC,Eulychnia vallenarensis,ILLUMINA,2021-07-08T00:00:00Z,2021-07-14T06:32:00Z,1,SAMEA8113385,ED4802,F.Luebert 4041,ERP122593,ED4802,2021-07-08,2021-07-08,Nees Insitute for Biodiversity of Plants,,,,
ERR6064669,RAD-Seq,95,91572088,PRJEB39114,SAMEA8113369,44976358,NEES INSITUTE FOR BIODIVERSITY OF PLANTS,public,"run.zq,sra,fastq","gs,ncbi,s3","s3.us-east-1,gs.us-east1,ncbi.public",2021-07-08,2021-07-08,ERX5703537,SAMEA8113369,"Region IV\, Coquimbo\, Totoralillo",Nees Insitute for Biodiversity of Plants,2021-07-08T12:21:42Z,2021-07-08T12:21:42Z,public,unspecified,SINGLE,Restriction Digest,GENOMIC,Eulychnia castanea,ILLUMINA,2021-07-08T00:00:00Z,2021-07-14T06:30:00Z,1,SAMEA8113369,ED5134,F.F.Merklinger 2019-10,ERP122593,ED5134,2021-07-08,2021-07-08,Nees Insitute for Biodiversity of Plants,,,,
ERR6064670,RAD-Seq,93,85490449,PRJEB39114,SAMEA8242746,41794728,NEES INSITUTE FOR BIODIVERSITY OF PLANTS,public,"fastq,sra,run.zq","ncbi,gs,s3","s3.us-east-1,gs.us-east1,ncbi.public",2021-07-08,2021-07-08,ERX5703538,SAMEA8242746,"Region IV\, Coquimbo\, Tongoy",Nees Insitute for Biodiversity of Plants,2021-07-08T12:21:43Z,2021-07-08T12:21:43Z,public,unspecified,SINGLE,Restriction Digest,GENOMIC,Eulychnia acida,ILLUMINA,2021-07-08T00:00:00Z,2021-07-15T06:53:00Z,1,SAMEA8242746,ED5135,F.F.Merklinger 2019-2,ERP122593,ED5135,2021-07-08,2021-07-08,Nees Insitute for Biodiversity of Plants,,,,
ERR6064671,RAD-Seq,94,101373992,PRJEB39114,SAMEA8113371,49550785,NEES INSITUTE FOR BIODIVERSITY OF PLANTS,public,"sra,run.zq,fastq","gs,s3,ncbi","ncbi.public,s3.us-east-1,gs.us-east1",2021-07-08,2021-07-08,ERX5703539,SAMEA8113371,"Region IV\, Coquimbo\, Tongoy",Nees Insitute for Biodiversity of Plants,2021-07-08T12:21:42Z,2021-07-08T12:21:42Z,public,unspecified,SINGLE,Restriction Digest,GENOMIC,Eulychnia castanea,ILLUMINA,2021-07-08T00:00:00Z,2021-07-14T06:31:00Z,1,SAMEA8113371,ED5136,F.F.Merklinger 2019-3,ERP122593,ED5136,,,,,2021-07-08T12:21:42Z,2021-07-08T12:21:42Z,Eulychnia castanea
ERR6064672,RAD-Seq,95,110061362,PRJEB39114,SAMEA8113351,53551866,NEES INSITUTE FOR BIODIVERSITY OF PLANTS,public,"fastq,run.zq,sra","ncbi,s3,gs","s3.us-east-1,ncbi.public,gs.us-east1",2021-07-08,2021-07-08,ERX5703540,SAMEA8113351,"Region IV\, Coquimbo\, Cuesta Buenos Aires",Nees Insitute for Biodiversity of Plants,2021-07-08T12:21:42Z,2021-07-08T12:21:42Z,public,unspecified,SINGLE,Restriction Digest,GENOMIC,Eulychnia acida,ILLUMINA,2021-07-08T00:00:00Z,2021-07-14T06:31:00Z,1,SAMEA8113351,ED5137,F.F.Merklinger 2019-5,ERP122593,ED5137,2021-07-08,2021-07-08,Nees Insitute for Biodiversity of Plants,,,,
ERR6064673,RAD-Seq,91,169337047,PRJEB39114,SAMEA8113350,83276246,NEES INSITUTE FOR BIODIVERSITY OF PLANTS,public,"sra,run.zq,fastq","gs,ncbi,s3","ncbi.public,gs.us-east1,s3.us-east-1",2021-07-08,2021-07-08,ERX5703541,SAMEA8113350,"Region IV\, Coquimbo\, quebrada Los Choros",Nees Insitute for Biodiversity of Plants,2021-07-08T12:21:42Z,2021-07-08T12:21:42Z,public,unspecified,SINGLE,Restriction Digest,GENOMIC,Eulychnia acida,ILLUMINA,2021-07-08T00:00:00Z,2021-07-14T06:42:00Z,1,SAMEA8113350,ED5138,F.F.Merklinger 2019-6,ERP122593,ED5138,2021-07-08,2021-07-08,Nees Insitute for Biodiversity of Plants,,,,
ERR6064675,RAD-Seq,93,144692187,PRJEB39114,SAMEA8113356,71119284,NEES INSITUTE FOR BIODIVERSITY OF PLANTS,public,"run.zq,sra,fastq","gs,ncbi,s3","gs.us-east1,s3.us-east-1,ncbi.public",2021-07-08,2021-07-08,ERX5703543,SAMEA8113356,"Region IV\, Coquimbo\, Llano Choros",Nees Insitute for Biodiversity of Plants,2021-07-08T12:21:42Z,2021-07-08T12:21:42Z,public,unspecified,SINGLE,Restriction Digest,GENOMIC,Eulychnia acida var. procumbens,ILLUMINA,2021-07-08T00:00:00Z,2021-07-14T06:42:00Z,1,SAMEA8113356,ED5139,F.F.Merklinger 2019-7,ERP122593,ED5139,2021-07-08,2021-07-08,Nees Insitute for Biodiversity of Plants,procumbens,,,
ERR6064676,RAD-Seq,92,158793641,PRJEB39114,SAMEA8113358,77762370,NEES INSITUTE FOR BIODIVERSITY OF PLANTS,public,"sra,fastq,run.zq","gs,s3,ncbi","s3.us-east-1,gs.us-east1,ncbi.public",2021-07-08,2021-07-08,ERX5703544,SAMEA8113358,"Region III\, Atacama\, Domeyko-Freirina",Nees Insitute for Biodiversity of Plants,2021-07-08T12:21:42Z,2021-07-08T12:21:42Z,public,unspecified,SINGLE,Restriction Digest,GENOMIC,Eulychnia acida var. procumbens,ILLUMINA,2021-07-08T00:00:00Z,2021-07-14T06:31:00Z,1,SAMEA8113358,ED5140,F.F.Merklinger 2019-8,ERP122593,ED5140,2021-07-08,2021-07-08,Nees Insitute for Biodiversity of Plants,procumbens,,,
ERR6064677,RAD-Seq,97,62750807,PRJEB39114,SAMEA8113365,30452843,NEES INSITUTE FOR BIODIVERSITY OF PLANTS,public,"sra,run.zq,fastq","ncbi,s3,gs","gs.us-east1,s3.us-east-1,ncbi.public",2021-07-08,2021-07-08,ERX5703545,SAMEA8113365,"Region IV\, Coquimbo\, Tres Playitas",Nees Insitute for Biodiversity of Plants,2021-07-08T12:21:42Z,2021-07-08T12:21:42Z,public,unspecified,SINGLE,Restriction Digest,GENOMIC,Eulychnia breviflora,ILLUMINA,2021-07-08T00:00:00Z,2021-07-15T06:53:00Z,1,SAMEA8113365,ED5141,F.F.Merklinger 2019-9,ERP122593,ED5141,2021-07-08,2021-07-08,Nees Insitute for Biodiversity of Plants,,,,
ERR6064678,RAD-Seq,97,72108242,PRJEB39114,SAMEA8113366,35062081,NEES INSITUTE FOR BIODIVERSITY OF PLANTS,public,"run.zq,fastq,sra","gs,s3,ncbi","gs.us-east1,ncbi.public,s3.us-east-1",2021-07-08,2021-07-08,ERX5703546,SAMEA8113366,"Region III\, Atacama\, Carrizal Bajo",Nees Insitute for Biodiversity of Plants,2021-07-08T12:21:42Z,2021-07-08T12:21:42Z,public,unspecified,SINGLE,Restriction Digest,GENOMIC,Eulychnia breviflora,ILLUMINA,2021-07-08T00:00:00Z,2021-07-14T06:31:00Z,1,SAMEA8113366,ED5142,F.F.Merklinger 2019-10,ERP122593,ED5142,2021-07-08,2021-07-08,Nees Insitute for Biodiversity of Plants,,,,
ERR6064679,RAD-Seq,94,143269185,PRJEB39114,SAMEA8113352,70452771,NEES INSITUTE FOR BIODIVERSITY OF PLANTS,public,"fastq,run.zq,sra","gs,s3,ncbi","gs.us-east1,ncbi.public,s3.us-east-1",2021-07-08,2021-07-08,ERX5703547,SAMEA8113352,"Region III\, Atacama\, Canto del Agua",Nees Insitute for Biodiversity of Plants,2021-07-08T12:21:42Z,2021-07-08T12:21:42Z,public,unspecified,SINGLE,Restriction Digest,GENOMIC,Eulychnia acida var. elata,ILLUMINA,2021-07-08T00:00:00Z,2021-07-14T06:42:00Z,1,SAMEA8113352,ED5143,F.F.Merklinger 2019-11,ERP122593,ED5143,2021-07-08,2021-07-08,Nees Insitute for Biodiversity of Plants,elata,,,
ERR6064680,RAD-Seq,98,174075902,PRJEB39114,SAMEA8113363,84965988,NEES INSITUTE FOR BIODIVERSITY OF PLANTS,public,"sra,run.zq,fastq","ncbi,s3,gs","ncbi.public,s3.us-east-1,gs.us-east1",2021-07-08,2021-07-08,ERX5703548,SAMEA8113363,"Region III\, Atacama\, Quebrada Copiapó",Nees Insitute for Biodiversity of Plants,2021-07-08T12:21:42Z,2021-07-08T12:21:42Z,public,unspecified,SINGLE,Restriction Digest,GENOMIC,Eulychnia breviflora,ILLUMINA,2021-07-08T00:00:00Z,2021-07-14T06:31:00Z,1,SAMEA8113363,ED5144,F.F.Merklinger 2019-12,ERP122593,ED5144,2021-07-08,2021-07-08,Nees Insitute for Biodiversity of Plants,,,,
ERR6064681,RAD-Seq,98,87145935,PRJEB39114,SAMEA8113367,42325526,NEES INSITUTE FOR BIODIVERSITY OF PLANTS,public,"run.zq,fastq,sra","s3,gs,ncbi","ncbi.public,s3.us-east-1,gs.us-east1",2021-07-08,2021-07-08,ERX5703549,SAMEA8113367,"Region III\, Atacama\, El Morro",Nees Insitute for Biodiversity of Plants,2021-07-08T12:21:42Z,2021-07-08T12:21:42Z,public,unspecified,SINGLE,Restriction Digest,GENOMIC,Eulychnia breviflora var. tenuis,ILLUMINA,2021-07-08T00:00:00Z,2021-07-14T06:31:00Z,1,SAMEA8113367,ED5145,F.F.Merklinger 2019-13,ERP122593,ED5145,2021-07-08,2021-07-08,Nees Insitute for Biodiversity of Plants,tenuis,,,
ERR6064682,RAD-Seq,98,132884701,PRJEB39114,SAMEA8113379,64293104,NEES INSITUTE FOR BIODIVERSITY OF PLANTS,public,"fastq,sra,run.zq","gs,ncbi,s3","gs.us-east1,s3.us-east-1,ncbi.public",2021-07-08,2021-07-08,ERX5703550,SAMEA8113379,"Region III\, Atacama\, El Caleuche",Nees Insitute for Biodiversity of Plants,2021-07-08T12:21:42Z,2021-07-08T12:21:42Z,public,unspecified,SINGLE,Restriction Digest,GENOMIC,Eulychnia saint-pieana,ILLUMINA,2021-07-08T00:00:00Z,2021-07-14T06:32:00Z,1,SAMEA8113379,ED5146,F.F.Merklinger 2019-14,ERP122593,ED5146,2021-07-08,2021-07-08,Nees Insitute for Biodiversity of Plants,,,,
ERR6064683,RAD-Seq,98,124193613,PRJEB39114,SAMEA8113380,60598502,NEES INSITUTE FOR BIODIVERSITY OF PLANTS,public,"run.zq,fastq,sra","ncbi,s3,gs","s3.us-east-1,gs.us-east1,ncbi.public",2021-07-08,2021-07-08,ERX5703551,SAMEA8113380,"Region II\, Antofagasta\, La Madera",Nees Insitute for Biodiversity of Plants,2021-07-08T12:21:42Z,2021-07-08T12:21:42Z,public,unspecified,SINGLE,Restriction Digest,GENOMIC,Eulychnia saint-pieana,ILLUMINA,2021-07-08T00:00:00Z,2021-07-14T06:32:00Z,1,SAMEA8113380,ED5147,F.F.Merklinger 2019-15,ERP122593,ED5147,2021-07-08,2021-07-08,Nees Insitute for Biodiversity of Plants,,,,
ERR6064684,RAD-Seq,95,83797305,PRJEB39114,SAMEA8113381,41105831,NEES INSITUTE FOR BIODIVERSITY OF PLANTS,public,"sra,run.zq,fastq","ncbi,s3,gs","gs.us-east1,ncbi.public,s3.us-east-1",2021-07-08,2021-07-08,ERX5703552,SAMEA8113381,"Region II\, Antofagasta\, Las Tórtolas",Nees Insitute for Biodiversity of Plants,2021-07-08T12:21:42Z,2021-07-08T12:21:42Z,public,unspecified,SINGLE,Restriction Digest,GENOMIC,Eulychnia saint-pieana,ILLUMINA,2021-07-08T00:00:00Z,2021-07-14T06:31:00Z,1,SAMEA8113381,ED5148,F.F.Merklinger 2019-16,ERP122593,ED5148,2021-07-08,2021-07-08,Nees Insitute for Biodiversity of Plants,,,,
ERR6064685,RAD-Seq,94,91595096,PRJEB39114,SAMEA8113374,44851005,NEES INSITUTE FOR BIODIVERSITY OF PLANTS,public,"fastq,sra,run.zq","s3,gs,ncbi","s3.us-east-1,ncbi.public,gs.us-east1",2021-07-08,2021-07-08,ERX5703553,SAMEA8113374,"Region I\, Tarapacá\, Alto Chipana",Nees Insitute for Biodiversity of Plants,2021-07-08T12:21:42Z,2021-07-08T12:21:42Z,public,unspecified,SINGLE,Restriction Digest,GENOMIC,Eulychnia iquiquensis,ILLUMINA,2021-07-08T00:00:00Z,2021-07-14T06:31:00Z,1,SAMEA8113374,ED5149,F.F.Merklinger 2019-19,ERP122593,ED5149,2021-07-08,2021-07-08,Nees Insitute for Biodiversity of Plants,,,,
ERR6064686,RAD-Seq,94,95871280,PRJEB39114,SAMEA8113364,47295238,NEES INSITUTE FOR BIODIVERSITY OF PLANTS,public,"run.zq,sra,fastq","s3,gs,ncbi","gs.us-east1,ncbi.public,s3.us-east-1",2021-07-08,2021-07-08,ERX5703554,SAMEA8113364,"Region IV\, Coquimbo\, Chungungo",Nees Insitute for Biodiversity of Plants,2021-07-08T12:21:42Z,2021-07-08T12:21:42Z,public,unspecified,SINGLE,Restriction Digest,GENOMIC,Eulychnia breviflora,ILLUMINA,2021-07-08T00:00:00Z,2021-07-14T06:31:00Z,1,SAMEA8113364,ED5150,F.F.Merklinger 2019-27,ERP122593,ED5150,2021-07-08,2021-07-08,Nees Insitute for Biodiversity of Plants,,,,
ERR6064687,RAD-Seq,94,107107971,PRJEB39114,SAMEA8113384,52459355,NEES INSITUTE FOR BIODIVERSITY OF PLANTS,public,"sra,run.zq,fastq","ncbi,gs,s3","gs.us-east1,s3.us-east-1,ncbi.public",2021-07-08,2021-07-08,ERX5703555,SAMEA8113384,"Region II\, Antofagasta\, Paposo",Nees Insitute for Biodiversity of Plants,2021-07-08T12:21:42Z,2021-07-08T12:21:42Z,public,unspecified,SINGLE,Restriction Digest,GENOMIC,Eulychnia taltalensis,ILLUMINA,2021-07-08T00:00:00Z,2021-07-14T06:32:00Z,1,SAMEA8113384,ED5151,F.Luebert 3933,ERP122593,ED5151,2021-07-08,2021-07-08,Nees Insitute for Biodiversity of Plants,,,,
ERR6064690,RAD-Seq,92,104648579,PRJEB39114,SAMEA8113353,51403216,NEES INSITUTE FOR BIODIVERSITY OF PLANTS,public,"sra,run.zq,fastq","s3,ncbi,gs","gs.us-east1,s3.us-east-1,ncbi.public",2021-07-08,2021-07-08,ERX5703558,SAMEA8113353,"Region III\, Atacama\, Caleta Pajonales",Nees Insitute for Biodiversity of Plants,2021-07-08T12:21:42Z,2021-07-08T12:21:42Z,public,unspecified,SINGLE,Restriction Digest,GENOMIC,Eulychnia acida var. elata,ILLUMINA,2021-07-08T00:00:00Z,2021-07-14T06:32:00Z,1,SAMEA8113353,ED5152,F.F.Merklinger 2018-71,ERP122593,ED5152,2021-07-08,2021-07-08,Nees Insitute for Biodiversity of Plants,elata,,,
ERR6064691,RAD-Seq,95,91826949,PRJEB39114,SAMEA8113354,45589984,NEES INSITUTE FOR BIODIVERSITY OF PLANTS,public,"sra,fastq,run.zq","ncbi,s3,gs","gs.us-east1,ncbi.public,s3.us-east-1",2021-07-08,2021-07-08,ERX5703559,SAMEA8113354,"Region III\, Atacama\, Nantoco",Nees Insitute for Biodiversity of Plants,2021-07-08T12:21:42Z,2021-07-08T12:21:42Z,public,unspecified,SINGLE,Restriction Digest,GENOMIC,Eulychnia acida var. elata,ILLUMINA,2021-07-08T00:00:00Z,2021-07-14T06:31:00Z,1,SAMEA8113354,ED5153,F.Luebert 3881,ERP122593,ED5153,2021-07-08,2021-07-08,Nees Insitute for Biodiversity of Plants,elata,,,
ERR6064740,RAD-Seq,97,85512710,PRJEB39114,SAMEA8113347,41940594,NEES INSITUTE FOR BIODIVERSITY OF PLANTS,public,"run.zq,fastq,sra","s3,gs,ncbi","s3.us-east-1,ncbi.public,gs.us-east1",2021-07-08,2021-07-08,ERX5703608,SAMEA8113347,"Region I\, Tarapacá\, Chusmiza",Nees Insitute for Biodiversity of Plants,2021-07-08T12:21:42Z,2021-07-08T12:21:42Z,public,unspecified,SINGLE,Restriction Digest,GENOMIC,Corryocactus brevistylus,ILLUMINA,2021-07-08T00:00:00Z,2021-07-14T06:32:00Z,1,SAMEA8113347,ED5158,F.F.Merklinger 2019-22,ERP122593,ED5158,2021-07-08,2021-07-08,Nees Insitute for Biodiversity of Plants,,,,
